{
  "elements": [
    {
      "from": [
        7,
        6,
        7.6
      ],
      "to": [
        10,
        6.6,
        12
      ],
      "faces": {
        "north": {
          "uv": [
            11.02222,
            15.00444,
            13.51111,
            15.46667
          ],
          "texture": "#0"
        },
        "east": {
          "uv": [
            8.99556,
            14.32889,
            13.51111,
            15.46667
          ],
          "texture": "#0"
        },
        "south": {
          "uv": [
            9.38667,
            14.86222,
            13.51111,
            15.46667
          ],
          "texture": "#0"
        },
        "west": {
          "uv": [
            10.45333,
            14.93333,
            13.51111,
            15.46667
          ],
          "texture": "#0"
        },
        "up": {
          "uv": [
            2.73778,
            0.07111,
            13.51111,
            15.46667
          ],
          "texture": "#0"
        },
        "down": {
          "uv": [
            2.73778,
            0.07111,
            13.51111,
            15.46667
          ],
          "texture": "#0"
        }
      }
    }
  ],
  "display": {
    "thirdperson_righthand": {
      "translation": [
        0,
        1.5,
        -2.5
      ]
    },
    "thirdperson_lefthand": {
      "translation": [
        0,
        1.5,
        -2.5
      ]
    },
    "firstperson_righthand": {
      "translation": [
        0,
        3,
        0
      ]
    },
    "firstperson_lefthand": {
      "translation": [
        0,
        3,
        0
      ]
    },
    "gui": {
      "rotation": [
        -93,
        -5,
        -17
      ],
      "translation": [
        0.25,
        -3.5,
        0
      ],
      "scale": [
        2,
        2,
        2
      ]
    },
    "head": {
      "translation": [
        0,
        8,
        0
      ]
    },
    "fixed": {
      "rotation": [
        -88,
        0,
        0
      ],
      "translation": [
        1.5,
        -1.25,
        -1.75
      ]
    }
  }
}